[{"path":"\/DadaOpenapi.php","checksum":"a522f56a29404a54320d0ef603122917"},{"path":"\/HttpClient.class.php","checksum":"d9fcfb631723ee9bd95dcab466b02324"},{"path":"\/Lib\/YLYConfigClient.php","checksum":"19a3d12247a38d9f3f3077927c453dd7"},{"path":"\/Lib\/YLYHttpClient.php","checksum":"713c0420e236648461ac6898c1f16a91"},{"path":"\/Lib\/YLYOpenApiClient.php","checksum":"9eca0ea4293654347e7e81a2d2648372"},{"path":"\/Lib\/YLYSignAndUuidClient.php","checksum":"8314ee2dc79d533e67eb634429a6ad83"},{"path":"\/Lib\/YLYTokenClient.php","checksum":"be146fceb886a582fc41704657bfbc61"},{"path":"\/Lib\/getTokenDemo.php","checksum":"d3f287ba332355405ad0c62332c91038"},{"path":"\/Lib\/printDemo.php","checksum":"12b7265880fa26c3ca6e44b79cdf82fe"},{"path":"\/SmsDemo.php","checksum":"86270cbf7ea944eb4576a873e0fee307"},{"path":"\/admin\/common\/attachurl.php","checksum":"cf1acb2c20d781ea199feaa9fc9d48bc"},{"path":"\/admin\/common\/bootstrap.sys.inc.php","checksum":"cd295a69bd937bd300df145e27fb049d"},{"path":"\/admin\/common\/common.func.php","checksum":"faa56ec530af4d1c5e909d92833e487b"},{"path":"\/admin\/common\/template.func.php","checksum":"4712f7f61bf44a2b385391e9069cf161"},{"path":"\/admin\/index.php","checksum":"f735370fac209ce4f7ed9943828098d4"},{"path":"\/admin\/source\/site\/entry.ctrl.php","checksum":"5ad2830c1dff8f40896885e1a4a8ac94"},{"path":"\/admin\/source\/user\/login.ctrl.php","checksum":"84f96a974265741fe319f30d6fefc0aa"},{"path":"\/admin\/source\/user\/logout.ctrl.php","checksum":"e1b37433f6d4e39436ae6c40b2fb0693"},{"path":"\/admin\/source\/utility\/__init.php","checksum":"221f9122c03c4212bed97e8e004202db"},{"path":"\/admin\/themes\/default\/common\/footer-base.html","checksum":"321ce2705a34828f9b5d993c100e8b2b"},{"path":"\/admin\/themes\/default\/common\/footer-cms.html","checksum":"62fa97e9bc35149414a517b614731d7d"},{"path":"\/admin\/themes\/default\/common\/footer-gw.html","checksum":"7be96e41f312738c4ade0d7037a159eb"},{"path":"\/admin\/themes\/default\/common\/footer.html","checksum":"acc3889ecf78a1f4923605214473fa49"},{"path":"\/admin\/themes\/default\/common\/header-base.html","checksum":"c835cedaf33c166f5275d2ba86fbd6a0"},{"path":"\/admin\/themes\/default\/common\/header-cms.html","checksum":"7517903eef4b0075475b56afc3135397"},{"path":"\/admin\/themes\/default\/common\/header-gw.html","checksum":"a1216654acac56913118e477ae910a01"},{"path":"\/admin\/themes\/default\/common\/header.html","checksum":"e3a8caa9186541227a222544437b398e"},{"path":"\/admin\/themes\/default\/common\/message.html","checksum":"0bdc44ca6eb4f30694e0dacac846ea94"},{"path":"\/admin\/themes\/default\/user\/login.html","checksum":"003c62deb267c3b12f7fcd64efa10888"},{"path":"\/cert\/WxPay.Api.php","checksum":"d495ad1aab57ca8381b578434d929287"},{"path":"\/cert\/WxPay.Data.php","checksum":"2da32d72902457d3274bbcd41449f9c6"},{"path":"\/cert\/WxPay.Exception.php","checksum":"3c91aa9d135f12a089646fbaab157ee0"},{"path":"\/cert\/WxPay.Notify.php","checksum":"73203713a4ba7e6201a70ad058d2f98d"},{"path":"\/cert\/apiclient_cert.pem","checksum":"c6c96b2fbd2b8ca9d44bc17c324111ac"},{"path":"\/cert\/apiclient_cert_35.pem","checksum":"0e60184f2371cb1785be3a9d44a4a593"},{"path":"\/cert\/apiclient_cert_63.pem","checksum":"0e60184f2371cb1785be3a9d44a4a593"},{"path":"\/cert\/apiclient_cert_65.pem","checksum":"effa1f9a257e37523c6d743fda44f2ff"},{"path":"\/cert\/apiclient_cert_zhlx.pem","checksum":"12a7ff7cae62d5360b13d184bd0381fa"},{"path":"\/cert\/apiclient_key.pem","checksum":"2eacccf92ef8662511610b666ebd4825"},{"path":"\/cert\/apiclient_key_35.pem","checksum":"79a0c07172440216eb08ea4399c58628"},{"path":"\/cert\/apiclient_key_63.pem","checksum":"79a0c07172440216eb08ea4399c58628"},{"path":"\/cert\/apiclient_key_65.pem","checksum":"bcdc21075811dfd02a66b601c234a12a"},{"path":"\/cert\/apiclient_key_zhlx.pem","checksum":"e594c8e2d3809483cdeeedcbfcd48d25"},{"path":"\/cert\/fe\/HttpClient.class.php","checksum":"d9fcfb631723ee9bd95dcab466b02324"},{"path":"\/developer.cer","checksum":"d0f752b2fb26e2c2e259b069020127e9"},{"path":"\/token_image\/2017\/09\/22\/1506075799_59c4e497a415c_5731.png","checksum":"f90df7f85ef3ac5c4a8129de9b83ae78"},{"path":"\/img\/1.jpeg","checksum":"f238dd9f76dd11c1f948bd0beeaf4e3f"},{"path":"\/img\/1.jpg","checksum":"4452caad34156db8624a049270a56e6c"},{"path":"\/img\/28.jpeg","checksum":"6e9bafe068fa386320780ac4dbd54633"},{"path":"\/img2\/1.jpg","checksum":"8372e34522c506efabb96bcf3c42a5b4"},{"path":"\/inc\/func\/core.php","checksum":"5eaa32ff8493080a438ae82846405c52"},{"path":"\/inc\/peisong\/DadaOpenapi.php","checksum":"a522f56a29404a54320d0ef603122917"},{"path":"\/inc\/peisong\/KfwOpenapi.php","checksum":"3f8123fa3c1e5b733081a4a23c96abf7"},{"path":"\/inc\/peisong\/peisong.php","checksum":"d1807e508efea90317d47859c6bd81f5"},{"path":"\/inc\/upload\/18-02-02-15-17-10.xls","checksum":"831d2fb2d51ebe38a76452df446a8b3e"},{"path":"\/inc\/upload\/18-02-02-15-32-17.xls","checksum":"e27012705cc779511530873a1dbd8f87"},{"path":"\/inc\/upload\/18-06-01-14-01-29.xls","checksum":"784ecf6d01efaafd9dc3c277fff29ee9"},{"path":"\/inc\/upload\/18-06-01-14-04-41.xls","checksum":"f09161bc25664f95f19e120bb1bb8890"},{"path":"\/inc\/upload\/18-06-01-14-07-43.xls","checksum":"189b78c6043d6f9fdac7c6e4b907e99b"},{"path":"\/inc\/upload\/18-06-01-14-09-43.xls","checksum":"189b78c6043d6f9fdac7c6e4b907e99b"},{"path":"\/inc\/upload\/18-06-01-14-11-28.xls","checksum":"75c46567bd60d40d9dbfa80329f925ba"},{"path":"\/inc\/upload\/18-06-01-14-11-29.xls","checksum":"75c46567bd60d40d9dbfa80329f925ba"},{"path":"\/inc\/upload\/18-06-01-14-11-30.xls","checksum":"75c46567bd60d40d9dbfa80329f925ba"},{"path":"\/inc\/upload\/18-06-01-14-12-05.xls","checksum":"75c46567bd60d40d9dbfa80329f925ba"},{"path":"\/inc\/upload\/18-06-01-14-13-02.xls","checksum":"3d88e70fbc828db80c6fb986dc1ffbdb"},{"path":"\/inc\/upload\/18-06-01-14-13-03.xls","checksum":"3d88e70fbc828db80c6fb986dc1ffbdb"},{"path":"\/inc\/upload\/18-06-01-14-13-14.xls","checksum":"3d88e70fbc828db80c6fb986dc1ffbdb"},{"path":"\/inc\/upload\/18-06-01-14-13-31.xls","checksum":"3d88e70fbc828db80c6fb986dc1ffbdb"},{"path":"\/inc\/upload\/18-06-01-14-16-17.xls","checksum":"1c87974ed059084bc1ada378a2407903"},{"path":"\/inc\/upload\/18-06-01-14-17-59.xls","checksum":"406264f939c6ab873cd38599a3b7f9e8"},{"path":"\/inc\/upload\/18-06-01-14-19-00.xls","checksum":"236ce0ca6add076cd6c346c13bd14624"},{"path":"\/inc\/upload\/18-06-01-14-19-15.xls","checksum":"236ce0ca6add076cd6c346c13bd14624"},{"path":"\/inc\/upload\/18-06-01-14-19-54.xls","checksum":"236ce0ca6add076cd6c346c13bd14624"},{"path":"\/inc\/upload\/dishes.xls","checksum":"b90457a7030317c70994940ee831cdac"},{"path":"\/inc\/web\/1dnorderinfo.inc.php","checksum":"97af6c2258bdae4888c66f9df1bec6b8"},{"path":"\/inc\/web\/1orderinfo.inc.php","checksum":"67061e8ffa2bdf116c28180a917ab217"},{"path":"\/inc\/web\/1ydorderinfo.inc.php","checksum":"ce2c78b3b4239779c41fd9b75535b6ee"},{"path":"\/inc\/web\/account.inc.php","checksum":"aa8dc904953e7e0564d7a40f487b9442"},{"path":"\/inc\/web\/ad.inc.php","checksum":"34d231e1e56a2441720d6ab437537e90"},{"path":"\/inc\/web\/addad.inc.php","checksum":"6d0c76face9f1c51d4e324ac983f80c1"},{"path":"\/inc\/web\/addadmin.inc.php","checksum":"8ef5b5a63fe27d25fa65d3404a090d97"},{"path":"\/inc\/web\/addarea.inc.php","checksum":"b87ad7114391db35d6ecab2d56869ee5"},{"path":"\/inc\/web\/addcoupons.inc.php","checksum":"8b83f45ff3371b16bd9ad14f8deb9e92"},{"path":"\/inc\/web\/adddishes.inc.php","checksum":"eadfa673a926e4e41a4455873c071345"},{"path":"\/inc\/web\/adddishestype.inc.php","checksum":"2297247edd2f53fbd074d43ae97a19fe"},{"path":"\/inc\/web\/addjfgoods.inc.php","checksum":"008a729aa9da07c1c5f85185932c2479"},{"path":"\/inc\/web\/addjftype.inc.php","checksum":"c8b66020d40e24968c8d40e2d3e77bdd"},{"path":"\/inc\/web\/addprint.inc.php","checksum":"82a1e6c104f5d39b179c2c80420d0e13"},{"path":"\/inc\/web\/addspec.inc.php","checksum":"a6b72f44c4a70bc6e6b555b191abc2cb"},{"path":"\/inc\/web\/addstore.inc.php","checksum":"55770975fd3532e950002329f42e3593"},{"path":"\/inc\/web\/addstoread.inc.php","checksum":"ea5a9fe42c6906b6d65fbb73e1e6b724"},{"path":"\/inc\/web\/addstoretype.inc.php","checksum":"361cf1f19d512aa0c8c5955e6df80250"},{"path":"\/inc\/web\/addtable.inc.php","checksum":"479dd728a09f358c4b0d754f9523f63c"},{"path":"\/inc\/web\/addtabletype.inc.php","checksum":"0e4257011bd44afe39f738d4662e1d9d"},{"path":"\/inc\/web\/addvoucher.inc.php","checksum":"821c0ca3449aad517558986578b9e274"},{"path":"\/inc\/web\/admin.inc.php","checksum":"7d98dfb0778ce40a62ba2836c5529be0"},{"path":"\/inc\/web\/analysis.inc.php","checksum":"5ccc9a759a6ba8076af4fd5d41241a35"},{"path":"\/inc\/web\/area.inc.php","checksum":"07197e89aa9e777505fdb56a57880422"},{"path":"\/inc\/web\/assess2.inc.php","checksum":"9472c7397167d1edf070121d1cc8b12e"},{"path":"\/inc\/web\/assessinfo.inc.php","checksum":"05598a77df12e26cdf88018444fd93c4"},{"path":"\/inc\/web\/banquanset.inc.php","checksum":"701ee85b0cb9771454b86ae10846ba87"},{"path":"\/inc\/web\/chongzhi.inc.php","checksum":"6632a1302d0020666d1085d84b9e8d89"},{"path":"\/inc\/web\/countadd.inc.php","checksum":"439bde847d98c11e804cf7a9deef9d7a"},{"path":"\/inc\/web\/coupons.inc.php","checksum":"f129db74cd17f1669e7b8d22d6c0b9fc"},{"path":"\/inc\/web\/czjl.inc.php","checksum":"21931518a8d27f43236721f3a4121827"},{"path":"\/inc\/web\/dada.inc.php","checksum":"a0205cdb7e03281956e04648e5e69e71"},{"path":"\/inc\/web\/dasettings.inc.php","checksum":"287c80b7aae93b31ad38a76947ea03eb"},{"path":"\/inc\/web\/dishes2.inc.php","checksum":"bbc5cfe73242f29bb1e2c8365f5f69dd"},{"path":"\/inc\/web\/dishestype.inc.php","checksum":"eeaebadbe3606e8d2bd2cb4749913043"},{"path":"\/inc\/web\/dladdcoupons.inc.php","checksum":"c497c03c129a4cc6bec1d160fac44874"},{"path":"\/inc\/web\/dladddishes.inc.php","checksum":"352d9c93cb0926d999780d6d56cb009a"},{"path":"\/inc\/web\/dladddishestype.inc.php","checksum":"e7b578018cdcce5455e3212d772343de"},{"path":"\/inc\/web\/dladdprint.inc.php","checksum":"005e2e3d149986511ce868164753c37a"},{"path":"\/inc\/web\/dladdspec.inc.php","checksum":"a908ef6def005bdc35a3a07dcde6edaa"},{"path":"\/inc\/web\/dladdtable.inc.php","checksum":"fec428fc45238c5dc854e9d06a351b2e"},{"path":"\/inc\/web\/dladdtabletype.inc.php","checksum":"cbc4e812bd3c71056820e310a8c84a36"},{"path":"\/inc\/web\/dladdvoucher.inc.php","checksum":"a6b21c054e260e1f4eac66b655485771"},{"path":"\/inc\/web\/dlassess2.inc.php","checksum":"afcf5df7e23c4d14b44a17ec5dc737e1"},{"path":"\/inc\/web\/dlassessinfo.inc.php","checksum":"220055ed72b755147db7f67a3354e87d"},{"path":"\/inc\/web\/dlcoupons.inc.php","checksum":"b9f273eab04dfb906bbf2ea6b7127292"},{"path":"\/inc\/web\/dldada.inc.php","checksum":"d6c70a2bc64c0facec73029db0df62e0"},{"path":"\/inc\/web\/dldishes2.inc.php","checksum":"982e55515c43f6d98a8cb889196935e7"},{"path":"\/inc\/web\/dldishestype.inc.php","checksum":"51fa5bd102da46b6d10d6f1e699e1d5b"},{"path":"\/inc\/web\/dlinanalysis.inc.php","checksum":"15ac5223e6e49419fedf8843020a5651"},{"path":"\/inc\/web\/dlindmorder.inc.php","checksum":"5843e2cf81bbc601952d13b193880914"},{"path":"\/inc\/web\/dlindnorder.inc.php","checksum":"304fce1ca89b29c2e56640daf3cac3ab"},{"path":"\/inc\/web\/dlindnorderinfo.inc.php","checksum":"b43a3ddfa6b24c5704a1260517f1ab6e"},{"path":"\/inc\/web\/dlinjfset.inc.php","checksum":"55c8447e7532f6a6434aace0b76f6ae5"},{"path":"\/inc\/web\/dlinjian.inc.php","checksum":"127c93e0590bab592af96ad12474b014"},{"path":"\/inc\/web\/dlinjianadd.inc.php","checksum":"339eb1f57ffbd5ca0e95f8066adfd505"},{"path":"\/inc\/web\/dlinorder.inc.php","checksum":"5f2632eee12585373ae01090484830fd"},{"path":"\/inc\/web\/dlinorderinfo.inc.php","checksum":"5c51fc647f68d10b06fcec9eaeb2f862"},{"path":"\/inc\/web\/dlinpay.inc.php","checksum":"9363602c4b56806b81885ebb52117add"},{"path":"\/inc\/web\/dlinsms.inc.php","checksum":"4644f74945fd3d0cf4ffbe072d9f084f"},{"path":"\/inc\/web\/dlintabelset.inc.php","checksum":"3eba43e69d435d144b12610cba912f75"},{"path":"\/inc\/web\/dlintx.inc.php","checksum":"bc7903878d81d159779e4cb7f0375ea8"},{"path":"\/inc\/web\/dlintxlist.inc.php","checksum":"36dfcab44e9a6ab1b52b9543f8960391"},{"path":"\/inc\/web\/dlinydorder.inc.php","checksum":"f88d64978b6efbf60ef72e262a63e0a6"},{"path":"\/inc\/web\/dlinydorderinfo.inc.php","checksum":"9193f9fac4a4d0ad95d3b0010fad366d"},{"path":"\/inc\/web\/dlkfwset.inc.php","checksum":"a739c7d7c47894dd95050ae08644a039"},{"path":"\/inc\/web\/dllaoz.inc.php","checksum":"8b2f86ae589f3aff7e2e51109ed44524"},{"path":"\/inc\/web\/dlmt.inc.php","checksum":"19d76bc76ecc5bd3af36fce8946519d4"},{"path":"\/inc\/web\/dlpeisongset.inc.php","checksum":"7f4fe7e36ed332a26c152d2deabb2e32"},{"path":"\/inc\/web\/dlprint.inc.php","checksum":"e4af8ed5643326879061ed280940c266"},{"path":"\/inc\/web\/dlrrset.inc.php","checksum":"453c0e29f7d1ad0c72fd40ea6d1dfe5a"},{"path":"\/inc\/web\/dlspec.inc.php","checksum":"7479f2591cf4732fa54b757315e96c55"},{"path":"\/inc\/web\/dlstoreinfo.inc.php","checksum":"0a9524cf69b5ed884cab0b1a3fcf64d8"},{"path":"\/inc\/web\/dltable2.inc.php","checksum":"e84be74259d41cee946be8698913b24f"},{"path":"\/inc\/web\/dltabletype2.inc.php","checksum":"2503fadfe741e68c7c260187b3767b72"},{"path":"\/inc\/web\/dluuset.inc.php","checksum":"fef63213604d8aab4d69e7f064b23529"},{"path":"\/inc\/web\/dlvoucher.inc.php","checksum":"55aee8f6b29477d0ab0a78e390346505"},{"path":"\/inc\/web\/dlygdata.inc.php","checksum":"f670475c05b0577d63802bc3f8f25656"},{"path":"\/inc\/web\/dlygquan.inc.php","checksum":"fef86dd99b0880b3126cd27ecd2285e6"},{"path":"\/inc\/web\/dlygranking.inc.php","checksum":"84bb8b2ebd5034c64a31594fc0b74ec9"},{"path":"\/inc\/web\/dlyingyetime.inc.php","checksum":"72e08a27890867df8e1efeb406167d4c"},{"path":"\/inc\/web\/dmorder.inc.php","checksum":"af2c23c37cddffbfb500ac008bc89e97"},{"path":"\/inc\/web\/dnorder.inc.php","checksum":"436e0844daa8bd44ac31452ac847fbab"},{"path":"\/inc\/web\/dnorderinfo.inc.php","checksum":"f94fb5d504ce5c992caa72a1553368bb"},{"path":"\/inc\/web\/email.inc.php","checksum":"1ed904c6159cf878687d2bb330ceb6bb"},{"path":"\/inc\/web\/fxlist.inc.php","checksum":"a9a50212603a1386ae8c21234a75cb79"},{"path":"\/inc\/web\/fxset.inc.php","checksum":"be2cb2d3c6db1222bedcd5a57a582197"},{"path":"\/inc\/web\/fxtx.inc.php","checksum":"3d36a9a76830b46b8f325b7757c6b838"},{"path":"\/inc\/web\/gaikuangdata.inc.php","checksum":"151d007c1239378db78d8ea8fca68f4e"},{"path":"\/inc\/web\/heli.inc.php","checksum":"35ead19514d892c8ff8411b7e2963287"},{"path":"\/inc\/web\/help.inc.php","checksum":"d314894991f0fec5cb597a9d9aaa0fbd"},{"path":"\/inc\/web\/inanalysis.inc.php","checksum":"629f7df7189f6215c8aa40ec94804b93"},{"path":"\/inc\/web\/index.inc.php","checksum":"21c6eb9000db2324ddf883e8054ec79f"},{"path":"\/inc\/web\/indmorder.inc.php","checksum":"7be1ccf5e5faf9af01503119ab96dcd3"},{"path":"\/inc\/web\/indnorder.inc.php","checksum":"85263df44d80a2723c97981612b00f7a"},{"path":"\/inc\/web\/indnorderinfo.inc.php","checksum":"55a0417f568dc4c38543a4f0bec4f8c6"},{"path":"\/inc\/web\/injfset.inc.php","checksum":"007f5d7879d381654cd2e93e034c4553"},{"path":"\/inc\/web\/injian.inc.php","checksum":"68a2c0c72c2d5bd6d50d9f2e14f9699d"},{"path":"\/inc\/web\/injianadd.inc.php","checksum":"9de39ca241eccb40d7bc5e587c7e3dcc"},{"path":"\/inc\/web\/inorder.inc.php","checksum":"ce615d1f7b710a6e2722888883cccfe5"},{"path":"\/inc\/web\/inorderinfo.inc.php","checksum":"a4a0deeca1adb63c46fc2822a39d4e70"},{"path":"\/inc\/web\/inpay.inc.php","checksum":"53b1a86f34fa4ea38951fba756e682f9"},{"path":"\/inc\/web\/insms.inc.php","checksum":"974368ab6fa67eed7da26035021a3fe8"},{"path":"\/inc\/web\/intabelset.inc.php","checksum":"46062862bfc7805c04e9184283aad54c"},{"path":"\/inc\/web\/integral.inc.php","checksum":"7e7b58976aa26c1e09fa5388b42f4a06"},{"path":"\/inc\/web\/intx.inc.php","checksum":"2769c10c547ec4d882437c3b715f3ed1"},{"path":"\/inc\/web\/intxlist.inc.php","checksum":"54b46d21c9aedaa5abe5333909b0ae9b"},{"path":"\/inc\/web\/inydorder.inc.php","checksum":"50f984106b1b09ce48ef6504baac467a"},{"path":"\/inc\/web\/inydorderinfo.inc.php","checksum":"cec97fbe16020692a892d4d83d3a9610"},{"path":"\/inc\/web\/jfgoods.inc.php","checksum":"482572e4445d9330e986050b9bbfe9e8"},{"path":"\/inc\/web\/jfsz.inc.php","checksum":"b8051e945ddf542f49fc4970bd01b62d"},{"path":"\/inc\/web\/jftype.inc.php","checksum":"764ddf8b7b34f31b7b9383971fcf8f62"},{"path":"\/inc\/web\/kfw.inc.php","checksum":"9c3d725eb3f7873c67fb6f30e7f196a6"},{"path":"\/inc\/web\/kfwset.inc.php","checksum":"e188016593d6362c70e77b5fa6b6d1b5"},{"path":"\/inc\/web\/laoz.inc.php","checksum":"9d12c5ce31c7ed9dcb6940efaa25e8a4"},{"path":"\/inc\/web\/mail.inc.php","checksum":"c2396dc657517890c66e95bc7058e615"},{"path":"\/inc\/web\/mt.inc.php","checksum":"3e64f0b428afd636e511ef50b5be7948"},{"path":"\/inc\/web\/order.inc.php","checksum":"1ccbab0730ecd7bf5d4b9cbf6b5cacfd"},{"path":"\/inc\/web\/orderinfo.inc.php","checksum":"037cccf9b636265bbb47faf2bb60a8b0"},{"path":"\/inc\/web\/pay.inc.php","checksum":"81d41c98870163eed7c43a5edc235e2b"},{"path":"\/inc\/web\/peisongset.inc.php","checksum":"9fccfb0271aa2dfd4bfc4a4231cee90c"},{"path":"\/inc\/web\/peiz.inc.php","checksum":"abbcfb07dfdfd18bb1af19e50da7436e"},{"path":"\/inc\/web\/phpexcelreader\/oleread.inc","checksum":"100d8c8050ea91a65c15702f3fd1f9a1"},{"path":"\/inc\/web\/phpexcelreader\/reader.php","checksum":"bc2f9b1df06ec4edeaf97e7be1368759"},{"path":"\/inc\/web\/powers.inc.php","checksum":"6e2f66033897973e964d47f1148facba"},{"path":"\/inc\/web\/print.inc.php","checksum":"4e4651af3f46039bc84e7940d8e1aedb"},{"path":"\/inc\/web\/receivelist.inc.php","checksum":"72f83f55b83a211b866ba4bd5e959614"},{"path":"\/inc\/web\/rrset.inc.php","checksum":"c7620cdc7dc890b22bf807d0d7b376f3"},{"path":"\/inc\/web\/ruzhu.inc.php","checksum":"a4b1ca8877b0f9a15ad9744df6f5420c"},{"path":"\/inc\/web\/ruzhuinfo.inc.php","checksum":"7f404a60dc40592abe8e654bb9268972"},{"path":"\/inc\/web\/ruzhusz.inc.php","checksum":"1dfca217110b4a3b1f00f0de5cc53346"},{"path":"\/inc\/web\/ruzhuxy.inc.php","checksum":"49ac16f88631300598df1741d728dea8"},{"path":"\/inc\/web\/selleranaly.inc.php","checksum":"fff3542016b9a2a047b7d2957d0389ea"},{"path":"\/inc\/web\/settings.inc.php","checksum":"42d570873f6d17ce6428e915157c8518"},{"path":"\/inc\/web\/spec.inc.php","checksum":"b8559e5864d58cc6950c11498ce3f475"},{"path":"\/inc\/web\/start.inc.php","checksum":"2cf2b1165e48f0286774f152f77c3252"},{"path":"\/inc\/web\/statistics.inc.php","checksum":"fff3542016b9a2a047b7d2957d0389ea"},{"path":"\/inc\/web\/store.inc.php","checksum":"10842cf73dc3ea94929edc523c3f7caa"},{"path":"\/inc\/web\/storead.inc.php","checksum":"bf840eb13fdd8aeca03db849ce580707"},{"path":"\/inc\/web\/storeinfo.inc.php","checksum":"db962431a64f1ee31d30be267c87c495"},{"path":"\/inc\/web\/storetype.inc.php","checksum":"e32fb0e2610661d2168f19f1c2579fa7"},{"path":"\/inc\/web\/table2.inc.php","checksum":"6118750e625445bedab3a6f8296b4450"},{"path":"\/inc\/web\/tabletype2.inc.php","checksum":"2ce67ef0fcd1d638c8efd66377fdbbd2"},{"path":"\/inc\/web\/template.inc.php","checksum":"0a19ee3e6436135788a8e6fd32579073"},{"path":"\/inc\/web\/test2.inc.php","checksum":"d0894a5cec26cc763952ecab400687f6"},{"path":"\/inc\/web\/txlist.inc.php","checksum":"ae3aa33df64906252a89c94cfb98a362"},{"path":"\/inc\/web\/txsz.inc.php","checksum":"198c7d5e601f19ef26c6a4e87177569f"},{"path":"\/inc\/web\/typeset.inc.php","checksum":"db7d54d05bfd8aad6a7575feb8aa338b"},{"path":"\/inc\/web\/user.inc.php","checksum":"95765d521124a983f02a7065b8529dec"},{"path":"\/inc\/web\/uuset.inc.php","checksum":"d659f8ec788fec9626a931e9a83c1323"},{"path":"\/inc\/web\/voucher.inc.php","checksum":"844e0a8aa0aa2cc3649089920467fc07"},{"path":"\/inc\/web\/wxapplist.inc.php","checksum":"372cce4c24cca88684354a8e1505fc72"},{"path":"\/inc\/web\/ydorder.inc.php","checksum":"dac130d321d9ca2bbed7955092f7b7a3"},{"path":"\/inc\/web\/ydorderinfo.inc.php","checksum":"4646418969df939135095f71f830c058"},{"path":"\/inc\/web\/yg11.inc.php","checksum":"e952705506f0cd53d7edb43990452f91"},{"path":"\/inc\/web\/yg17.inc.php","checksum":"edb712b7d3b1033392b835acfc34a425"},{"path":"\/inc\/web\/ygdata.inc.php","checksum":"5bda53443cce705030621758c0d74d6c"},{"path":"\/inc\/web\/ygprint2.inc.php","checksum":"7c1ae337c9999cd6c2fb09164900ba89"},{"path":"\/inc\/web\/ygquan.inc.php","checksum":"4122615e9334daeed1ae06a2fa38a38d"},{"path":"\/inc\/web\/ygranking.inc.php","checksum":"a05660028888f2217e4e744664cefe20"},{"path":"\/inc\/web\/yingyetime.inc.php","checksum":"e7a7afebd4b969523f36b06954c6f658"},{"path":"\/inc\/web\/yypay.inc.php","checksum":"9a41fed4a81b63bdba06fcddd3f82826"},{"path":"\/module.php","checksum":"087bda9c122a382602ca21a4e701bd19"},{"path":"\/payment\/wechat\/notify.php","checksum":"fa783d4eb8e47686903f31b8e587bea8"},{"path":"\/peisong\/DadaOpenapi.php","checksum":"a522f56a29404a54320d0ef603122917"},{"path":"\/peisong\/KfwOpenapi.php","checksum":"3f8123fa3c1e5b733081a4a23c96abf7"},{"path":"\/peisong\/peisong.php","checksum":"8e6606ed8ebef50e993cef6aca7dbf08"},{"path":"\/preview.jpg","checksum":"27b69c31240fd7b3cc6084b3b0e5f9d5"},{"path":"\/print.class.php","checksum":"02161ef6dfd32d0293da3f0a151e4233"},{"path":"\/processor.php","checksum":"efcb2c22434d80a157a00618e9a285be"},{"path":"\/rrkd\/fe\/HttpClient.class.php","checksum":"d9fcfb631723ee9bd95dcab466b02324"},{"path":"\/rrkd\/rrkd.php","checksum":"81219603ea628139351faa98fb257ac5"},{"path":"\/site.php","checksum":"5dd61837eba7823826370a67c0eca1a0"},{"path":"\/template\/images\/6.png","checksum":"547957d86835494e8417618c3a8bcc9d"},{"path":"\/template\/images\/add.png","checksum":"d000c48ecaca22041460b77c136798a6"},{"path":"\/template\/images\/bac.png","checksum":"72bf5370bc98041167451a5635a27c41"},{"path":"\/template\/images\/container_bg0.png","checksum":"d3dba0bf2f4356c5cc2e7d2547eb7f1d"},{"path":"\/template\/images\/cz.png","checksum":"dae072b96f33612404e5b1ff9d5496bc"},{"path":"\/template\/images\/dada.png","checksum":"d695f05614d5db2cd430164329bb2df7"},{"path":"\/template\/images\/daizhifu.png","checksum":"ae5e012e01a9acceba499cd651afff05"},{"path":"\/template\/images\/dayin.png","checksum":"d6826d2d330a9e58f0d8f35c156994bf"},{"path":"\/template\/images\/dingdan.png","checksum":"45055c8e3f219cf233aeb870a540b931"},{"path":"\/template\/images\/dn.wav","checksum":"ecc4e729821d891cdd19816049b544c4"},{"path":"\/template\/images\/duanxin.png","checksum":"8c7c31622eda0b850ddbf0757a986981"},{"path":"\/template\/images\/duanxintongdao.png","checksum":"d5f4d07abea65af7cfe6b46ddfe6005f"},{"path":"\/template\/images\/duigoubai.png","checksum":"fb76ed221b53584525149234282a1d39"},{"path":"\/template\/images\/fdfs.png","checksum":"ee3009789e897763096345c9f37f8aec"},{"path":"\/template\/images\/gkdata1.png","checksum":"d808c4a49598a0846844448f729c9d86"},{"path":"\/template\/images\/gkdata2.png","checksum":"3a01c6f82c888ec1babdfe0613c8d1dd"},{"path":"\/template\/images\/gkdata3.png","checksum":"fedfdd56c7f7f645aa523787e651a194"},{"path":"\/template\/images\/gkdata4.png","checksum":"3099fc3fa8b5ba6a44ab780fe80f73ed"},{"path":"\/template\/images\/gkdata5.png","checksum":"c97181589907d9ac046f8183888cb0c7"},{"path":"\/template\/images\/gkdata6.png","checksum":"51e3d3829b4a62b6661c73e8665b4742"},{"path":"\/template\/images\/gkdata7.png","checksum":"1f5ac8fc6adf33dd3610395cd20efd4e"},{"path":"\/template\/images\/gou.png","checksum":"b800525dfdde65de4f119e6047cf22ec"},{"path":"\/template\/images\/guanggao.png","checksum":"84e132002d18c7a76a9c9a88b170f721"},{"path":"\/template\/images\/guanli.png","checksum":"1a03f44a5830fea103646083b714ae71"},{"path":"\/template\/images\/haixian.jpg","checksum":"2624dfb92c1adf063556a3ea8484cade"},{"path":"\/template\/images\/home.png","checksum":"7b01a01f1db87cb604232bf0c0b13365"},{"path":"\/template\/images\/ht.jpg","checksum":"56bc2d66fa35e60e626cf4ed1d164273"},{"path":"\/template\/images\/jf.png","checksum":"46c06865bae46a14eda7edaffa224320"},{"path":"\/template\/images\/jifen.png","checksum":"9e16bbcca09f471bf16217a95d4af925"},{"path":"\/template\/images\/juxing.png","checksum":"f5c1326d2c68e6d21cb8f5d9335f3fd7"},{"path":"\/template\/images\/kaiguan.png","checksum":"2b0143f312a5af9c1b5095809318f6d3"},{"path":"\/template\/images\/kuai.png","checksum":"ea83bb4c6f1b3cf8c1f915a066d11de7"},{"path":"\/template\/images\/laoz.png","checksum":"55cb69b672406cff203ef953984873ed"},{"path":"\/template\/images\/login_icon.png","checksum":"664566caafa0028bbe2f2ef392be3076"},{"path":"\/template\/images\/logo.png","checksum":"41447f0d0f9dc2572c5160659701403d"},{"path":"\/template\/images\/logo2.png","checksum":"39e9e1f338fd92ccc0fba8f07a9e0325"},{"path":"\/template\/images\/man.png","checksum":"e940a2a56b35998be20a26df852d2001"},{"path":"\/template\/images\/manjianhuodong.png","checksum":"b5d4d29192125351e9e2a648e94e5be0"},{"path":"\/template\/images\/mendian.png","checksum":"b38e4dab726e10b9ca00d9d5afc3fb26"},{"path":"\/template\/images\/miaosha.png","checksum":"e1e47b3cb9b22f8c4db2fcf220f41e9a"},{"path":"\/template\/images\/money1.png","checksum":"dad3b941f4d48cde12c3f6386c1e3179"},{"path":"\/template\/images\/money3.png","checksum":"14a8f567edce9741d5bee7044d6c6643"},{"path":"\/template\/images\/money4.png","checksum":"fd47bb4a552022cf73dabc30597724ac"},{"path":"\/template\/images\/money5.png","checksum":"eb3d78b3295bf0586a31459d27bb498f"},{"path":"\/template\/images\/money6.png","checksum":"41635769a94b1617ad29a0e0aecc9429"},{"path":"\/template\/images\/money7.png","checksum":"57707fd50bcf24c7bcee700b947630dc"},{"path":"\/template\/images\/money8.png","checksum":"dbadae3e94355a52248ef2b0d739e913"},{"path":"\/template\/images\/money9.png","checksum":"4a5d8dae36b25879825f2533b7e9dcbd"},{"path":"\/template\/images\/mt.png","checksum":"6e308b0e6499e1f42dc7eaef6a430228"},{"path":"\/template\/images\/noorder.png","checksum":"e7ac8a5090446c196f529becf27f0fd9"},{"path":"\/template\/images\/ordertel.png","checksum":"456eb4a4697a317f56044f77b0b8d8ac"},{"path":"\/template\/images\/quyu.png","checksum":"07616ebcbdffe41cfeece2b3a2600059"},{"path":"\/template\/images\/rr.png","checksum":"d82fd29c529150ef230aa21e41d7ede0"},{"path":"\/template\/images\/saoma.png","checksum":"e0b7001556de4de3112978b5431b98f2"},{"path":"\/template\/images\/seller_login_bg.jpg","checksum":"b80692ef359ac9baaf8963eb1095576f"},{"path":"\/template\/images\/shezhi.png","checksum":"c3ced0563e1c4740281376bdd72ff682"},{"path":"\/template\/images\/stick.gif","checksum":"06216d9b99dca13744b113974b700bfd"},{"path":"\/template\/images\/time.png","checksum":"43c1ff21170de8c9ca5cc0febd9a4b34"},{"path":"\/template\/images\/tixian.png","checksum":"2f14f9645c715b8a54c1f8906ec870de"},{"path":"\/template\/images\/tk.png","checksum":"48cd9829aefeca09416a0706bc7c8baa"},{"path":"\/template\/images\/tongzhi.png","checksum":"1447fa5e82282144d36347d939bf9c2c"},{"path":"\/template\/images\/ttrgd.png","checksum":"e5b4d61bc5090293558f36bc7004de1a"},{"path":"\/template\/images\/tuijian.png","checksum":"8bf45fe379021eeb5013ff8d5728c793"},{"path":"\/template\/images\/txt.png","checksum":"99e433cf8df305e8725f08f7b705e1d6"},{"path":"\/template\/images\/u11_state0.png","checksum":"53078966ea081ca5600c07837a3371f4"},{"path":"\/template\/images\/u270.png","checksum":"07cb3829c4091f06908e65efddc65ca6"},{"path":"\/template\/images\/user.png","checksum":"094b64aa30988afbbdedfbc9f6723ffa"},{"path":"\/template\/images\/uu.png","checksum":"e58c11e010554cacf4fa5c7d7767aae7"},{"path":"\/template\/images\/wm.wav","checksum":"ff91d22fcacef147520f3d35690c9256"},{"path":"\/template\/images\/wu.png","checksum":"087e05451e6c33ecb7b8e200a72bfb2e"},{"path":"\/template\/images\/wx.png","checksum":"7eddb4c2e01cc3f041c5c53979aea0f9"},{"path":"\/template\/images\/xia.png","checksum":"2fdd47698205e340d05693953944d969"},{"path":"\/template\/images\/xian.png","checksum":"66eb9e61dcd5a7e6bd1b485680484bee"},{"path":"\/template\/images\/xiaoshou.png","checksum":"b901fd06b5a65dbfde2d34360df0ecef"},{"path":"\/template\/images\/xingxing.png","checksum":"a273c45822ab3b7d4609095d72d5e53b"},{"path":"\/template\/images\/xinxi1.png","checksum":"f24a1f6d80253bcbc47a1137e1563fd7"},{"path":"\/template\/images\/xinxi2.png","checksum":"ef7ed852cfe197b80a83d0783f184f06"},{"path":"\/template\/images\/xinxi3.png","checksum":"8e1f4e0354aa5052edd20cd0a286a77e"},{"path":"\/template\/images\/xinxi4.png","checksum":"74dd0e47588cc76afabc060b3c4208b6"},{"path":"\/template\/images\/xitong.png","checksum":"8b600b83e37e8c59820cf342568a785a"},{"path":"\/template\/images\/ygrz.png","checksum":"14eee75777e80df3e4e2cd99eb1f30da"},{"path":"\/template\/images\/yizhifu.png","checksum":"39246d2e4f5fd2adace502353b5d22a6"},{"path":"\/template\/images\/youhuiquan.png","checksum":"0e1f267164ab63d70b5bfa012ca17bfb"},{"path":"\/template\/images\/yuan.png","checksum":"10647d468e504f9782a347623bae4864"},{"path":"\/template\/images\/yuanxing.png","checksum":"1defcbd174f485c23f4a0183d22f58a2"},{"path":"\/template\/images\/yue.png","checksum":"5deed9747f61a59e5f7a62c7e2d86ce6"},{"path":"\/template\/images\/yy.wav","checksum":"41d543fba339059e55303ed067af101b"},{"path":"\/template\/images\/zhekouquan.png","checksum":"f6cfcabc1807922deb4aa782a6dbb1cf"},{"path":"\/template\/images\/zu.png","checksum":"cdf1694617fa3c07585da3da26c08eb6"},{"path":"\/template\/public\/comhead.html","checksum":"777ff07f143cc9083f3130077461f163"},{"path":"\/template\/public\/common.html","checksum":"49548b7f828e70ecccef49a11b1d0488"},{"path":"\/template\/public\/echarts.min.js","checksum":"f583e43df05c8f9baaa5d6b687505cc8"},{"path":"\/template\/public\/footer-base.html","checksum":"bcdec5fe63abaf6c2054b890824cf8df"},{"path":"\/template\/public\/footer.html","checksum":"7a8c673dced142d4d427b00d7b0a22e3"},{"path":"\/template\/public\/header-base.html","checksum":"6095ad52881dfd4ac9a187a406459abf"},{"path":"\/template\/public\/header.html","checksum":"475f152277e23a294d1ffe7dde053510"},{"path":"\/template\/public\/highcharts.js","checksum":"58b9cdabd7e6355932f802f212425b1c"},{"path":"\/template\/public\/ygcss.css","checksum":"aac415f8cf5cda4b2923eeb56960b55d"},{"path":"\/template\/public\/ygcsslist.css","checksum":"40427ac1d0091f32bb3a5bc1361a8a9a"},{"path":"\/template\/web\/account.html","checksum":"d197dca9057d01629b3cc1d94199b3e8"},{"path":"\/template\/web\/ad.html","checksum":"9641dc2214e32ca082271879e01f6652"},{"path":"\/template\/web\/addad.html","checksum":"3751e05ea1bbb8cf2560a715fcdf6c1a"},{"path":"\/template\/web\/addadmin.html","checksum":"60b5a134c979c8f93470a9c59c983909"},{"path":"\/template\/web\/addarea.html","checksum":"cd961f88978d85fc22c638b007fc7441"},{"path":"\/template\/web\/addcoupons.html","checksum":"9b9185d585f36a7fd5347b6ea3cc845b"},{"path":"\/template\/web\/adddishes.html","checksum":"354513df7812788ec206b26d47c6e0d8"},{"path":"\/template\/web\/adddishestype.html","checksum":"4f561a48c5b74254170230a34beae344"},{"path":"\/template\/web\/addjfgoods.html","checksum":"1306adedb2fb1efa945c1220606afb5e"},{"path":"\/template\/web\/addjftype.html","checksum":"ebf81b7203e6a481a2cc0c00cf520e13"},{"path":"\/template\/web\/addprint.html","checksum":"2eed9811d6e5bf8b618eeb70018dc1c1"},{"path":"\/template\/web\/addspec.html","checksum":"9c058613b5175fe54f973f9bcb066e04"},{"path":"\/template\/web\/addstore.html","checksum":"405e09772ee03d9b159c679234df4d11"},{"path":"\/template\/web\/addstoread.html","checksum":"a8248ab21c8e3e01855607e55bea3e07"},{"path":"\/template\/web\/addstoretype.html","checksum":"3464f4674fd08442d390f53de21afb3c"},{"path":"\/template\/web\/addtable.html","checksum":"b91d747657ace96fa057bee6e5a04042"},{"path":"\/template\/web\/addtabletype.html","checksum":"063ec774a72edb9a9c630b1c18adc4b9"},{"path":"\/template\/web\/addvoucher.html","checksum":"bad94a959a47bd74dca709dda5596013"},{"path":"\/template\/web\/admin.html","checksum":"281376551d9e4d49e933a6386094a624"},{"path":"\/template\/web\/analysis.html","checksum":"22e6f7fd4bfae64a710a112a00d48f69"},{"path":"\/template\/web\/area.html","checksum":"92e248550cbe181f9e9b489211c36e6e"},{"path":"\/template\/web\/assess2.html","checksum":"18fbeb3232cbcc984ac824ce33a16147"},{"path":"\/template\/web\/assessinfo.html","checksum":"974ccd7c3d704acc0b2e038dc5962444"},{"path":"\/template\/web\/banquanset.html","checksum":"45e81c53b4a5da42b284ed1485d01e3e"},{"path":"\/template\/web\/chongzhi.html","checksum":"a0439e275d300a62e8c484187f3fb551"},{"path":"\/template\/web\/countadd.html","checksum":"3eb7a10631cc2ac230e6ca1ea5225244"},{"path":"\/template\/web\/coupons.html","checksum":"c05633af5496a4e7202f6d8c95f7f19d"},{"path":"\/template\/web\/czjl.html","checksum":"376e625acc42bab21095002bd6f616ea"},{"path":"\/template\/web\/dada.html","checksum":"b35ca5a200c3e0a8fd05f203f21310ec"},{"path":"\/template\/web\/dasettings.html","checksum":"afb5d40f836325fb68f96bda290bc8f5"},{"path":"\/template\/web\/dishes2.html","checksum":"2cd351b940330ac8d8fce3ef2fd887e2"},{"path":"\/template\/web\/dishestype.html","checksum":"19194cad974c0d1994f74a81f5defba9"},{"path":"\/template\/web\/dladdcoupons.html","checksum":"1709473738c2dea6dcf89817fe386f58"},{"path":"\/template\/web\/dladddishes.html","checksum":"72076802ae6529c2ddc801726cbf2aa4"},{"path":"\/template\/web\/dladddishestype.html","checksum":"f3dd1f4c701f7ba58c27e9d736fc64d5"},{"path":"\/template\/web\/dladdprint.html","checksum":"e9e70183d5f52613b3ffb88d7120a609"},{"path":"\/template\/web\/dladdspec.html","checksum":"469ca493f2d18fde7feffe149bd93717"},{"path":"\/template\/web\/dladdtable.html","checksum":"b89bc781029c7f3576ff18b0a5ccc60e"},{"path":"\/template\/web\/dladdtabletype.html","checksum":"9108cfc60bcbe74ce39a86b977f0ec37"},{"path":"\/template\/web\/dladdvoucher.html","checksum":"ae9f9d050a636756a0ecbaca7d65851f"},{"path":"\/template\/web\/dlassess2.html","checksum":"bc0e35867e743db431e215c8bfa25265"},{"path":"\/template\/web\/dlassessinfo.html","checksum":"59916193b2dcb4bb3c99e97cdf407835"},{"path":"\/template\/web\/dlcoupons.html","checksum":"341adc9a2d557fcae1855bd4b6184195"},{"path":"\/template\/web\/dldada.html","checksum":"06b81c58a1898d8280c396712417fbd4"},{"path":"\/template\/web\/dldishes2.html","checksum":"b87a1913ee75800eab35457d74aad2e6"},{"path":"\/template\/web\/dldishestype.html","checksum":"74cd90937f06c9e19e001ad36cdc1f2b"},{"path":"\/template\/web\/dlinanalysis.html","checksum":"5dd12ea51e17da000e8adf5da5ea2fb7"},{"path":"\/template\/web\/dlindex.html","checksum":"42083b791623a922aca581efc1bc694d"},{"path":"\/template\/web\/dlindmorder.html","checksum":"e17fc322e5e7a2b1227838106f38a829"},{"path":"\/template\/web\/dlindnorder.html","checksum":"ae28fc71903e22c8e1fd6085cdc5e95b"},{"path":"\/template\/web\/dlindnorderinfo.html","checksum":"82de3aa62c4d0701f82cd8454ef91acb"},{"path":"\/template\/web\/dlinjfset.html","checksum":"cbf47e931b2dcbdd8d920b5e8227ae77"},{"path":"\/template\/web\/dlinjian.html","checksum":"5c3d2b3fa62afe43044ab6ab25b4e566"},{"path":"\/template\/web\/dlinjianadd.html","checksum":"a782c086acc8ea2fa62a0631ca9aab5e"},{"path":"\/template\/web\/dlinorder.html","checksum":"4d32702faac23cab85096f878643c27e"},{"path":"\/template\/web\/dlinorderinfo.html","checksum":"944eeebecf2d7ae6e149e31a7308da38"},{"path":"\/template\/web\/dlinpay.html","checksum":"ec209981e003c80696cb858ea1c87daf"},{"path":"\/template\/web\/dlinsms.html","checksum":"579b5dc939ba818bab89bc99dcef78fd"},{"path":"\/template\/web\/dlintabelset.html","checksum":"0540f5c2cb02c8ee67ec91daa2e92ff7"},{"path":"\/template\/web\/dlintx.html","checksum":"951895b724ed3626e8721acecd646b03"},{"path":"\/template\/web\/dlintxlist.html","checksum":"a5bb5f650e4bdd303f563b678779fc57"},{"path":"\/template\/web\/dlinydorder.html","checksum":"ebc63d8b73a54e769a2fce1b62c19a79"},{"path":"\/template\/web\/dlinydorderinfo.html","checksum":"f781687c4ae9c91e1e2cea3e02ed927d"},{"path":"\/template\/web\/dlkfwset.html","checksum":"0475c1492b875860a107ff068c30ed5e"},{"path":"\/template\/web\/dllaoz.html","checksum":"e2694eb6065f9246347c286b3460ab95"},{"path":"\/template\/web\/dlmt.html","checksum":"de0408ba9d908860dcf4862f76554f4f"},{"path":"\/template\/web\/dlpeisongset.html","checksum":"40e5d2a505ca60fe93501cf03b3065be"},{"path":"\/template\/web\/dlprint.html","checksum":"ad2e7f94304512adbab493cfb1aef9e8"},{"path":"\/template\/web\/dlrrset.html","checksum":"b9df3fb0ef4e66fc187688d50346f86e"},{"path":"\/template\/web\/dlspec.html","checksum":"b34504181d381367e78dce43d9aa5d4f"},{"path":"\/template\/web\/dlstoreinfo.html","checksum":"bd217b24e195c057d8d8c735c7edc2b4"},{"path":"\/template\/web\/dltable2.html","checksum":"1fe1914c8ad71a4d16b602cc28cf7d25"},{"path":"\/template\/web\/dltabletype2.html","checksum":"bec28a36559bd5584f0d4a9515d22bfe"},{"path":"\/template\/web\/dluuset.html","checksum":"5514d41f20db215839ba31bef3b54cce"},{"path":"\/template\/web\/dlvoucher.html","checksum":"d28c19ae3effcedeff1ea850c663f485"},{"path":"\/template\/web\/dlygdata.html","checksum":"46302c7c07b19bff7248ac2e3fdd8759"},{"path":"\/template\/web\/dlygquan.html","checksum":"ac2572f85733546e51dbdc1ac1bc7fb8"},{"path":"\/template\/web\/dlygranking.html","checksum":"691c7c8e8cb9283b7a33f9cb178f7ed7"},{"path":"\/template\/web\/dlyingyetime.html","checksum":"9b404acf90e91a02677e12d70b370f70"},{"path":"\/template\/web\/dmorder.html","checksum":"762b4fdcef1153cb242f63d2c7aa02a3"},{"path":"\/template\/web\/dnorder.html","checksum":"3e23e5dc69b1ee4057690b403b6dbc5f"},{"path":"\/template\/web\/dnorderinfo.html","checksum":"4dbc4e5e2ce34bc3ae0df62f2fc5c483"},{"path":"\/template\/web\/email.html","checksum":"4c9099fdaabe473fb8e4a7aa4fe32944"},{"path":"\/template\/web\/fxlist.html","checksum":"96372f71ada5174a705397a436455fd1"},{"path":"\/template\/web\/fxset.html","checksum":"b2e396e1d6882c66a7842eda13daa606"},{"path":"\/template\/web\/fxtx.html","checksum":"be292e3a4dc211a9f8a3a000fd55c723"},{"path":"\/template\/web\/gaikuangdata.html","checksum":"ebfbbe4fda68acb7c54c0e7208bfdb3e"},{"path":"\/template\/web\/heli.html","checksum":"450aeef54d6e9288dafb11db958b0516"},{"path":"\/template\/web\/help.html","checksum":"a6b56f72feab8bda95f4465f5df81dfd"},{"path":"\/template\/web\/inanalysis.html","checksum":"6cd95543423d1cf53b66c071ade1f7a0"},{"path":"\/template\/web\/index.html","checksum":"9dc58f93a25e3f571f593806370aa6de"},{"path":"\/template\/web\/indmorder.html","checksum":"a3e9544f5f0cd3a0905ca01ba722d6bb"},{"path":"\/template\/web\/indnorder.html","checksum":"0afd1f8e1ed9bfd000ea1f2936090591"},{"path":"\/template\/web\/indnorderinfo.html","checksum":"0865e9cab96da20c3247a4cb68c12e67"},{"path":"\/template\/web\/injfset.html","checksum":"5d36129bb748023e298f523b20f5b176"},{"path":"\/template\/web\/injian.html","checksum":"cd43f47c5be70b18a440756f208468c5"},{"path":"\/template\/web\/injianadd.html","checksum":"6403aed37689c52bc5e79a2f3c568c1a"},{"path":"\/template\/web\/inorder.html","checksum":"198951c1a6e904c1f2e8236d79912a3d"},{"path":"\/template\/web\/inorderinfo.html","checksum":"c2967b0ecffe7ef913449e4eccd38f7a"},{"path":"\/template\/web\/inpay.html","checksum":"b5652ecfb280866593e8a83eae51a5e9"},{"path":"\/template\/web\/insms.html","checksum":"579b5dc939ba818bab89bc99dcef78fd"},{"path":"\/template\/web\/intabelset.html","checksum":"d0ba98c3efc6b015a81c8f322dfc755b"},{"path":"\/template\/web\/integral.html","checksum":"ab5c788ad6e54eeba69bd1ffd369eb9b"},{"path":"\/template\/web\/intx.html","checksum":"1d638d7dc3fccf1ebc0789bf05e7143a"},{"path":"\/template\/web\/intxlist.html","checksum":"d17b8fb2324d982c860dd47cb7be9fd8"},{"path":"\/template\/web\/inydorder.html","checksum":"8085c1dabdce6e54fa28db5ed0b66e7c"},{"path":"\/template\/web\/inydorderinfo.html","checksum":"5cd3d74108db8d2e9ac879285647bf4f"},{"path":"\/template\/web\/jfgoods.html","checksum":"1df703e2dabb72e7c6fe63a47ba655e0"},{"path":"\/template\/web\/jfsz.html","checksum":"f62b70bbb6417e83c70f3059b65d465e"},{"path":"\/template\/web\/jftype.html","checksum":"5bf0e9b2fb8296c8ebb1db94030eddee"},{"path":"\/template\/web\/kfw.html","checksum":"8338ca42d5e8d93d4d5b00686d580440"},{"path":"\/template\/web\/kfwset.html","checksum":"0475c1492b875860a107ff068c30ed5e"},{"path":"\/template\/web\/laoz.html","checksum":"67e072171e1ff65eb89b501cced54561"},{"path":"\/template\/web\/mail.html","checksum":"fdf9b3e9982096457b7a5577f64626cb"},{"path":"\/template\/web\/mt.html","checksum":"83967be71cbea228aaca5c91da05290e"},{"path":"\/template\/web\/order.html","checksum":"bedfa440ed57bdb19988a5fed8c2b9c2"},{"path":"\/template\/web\/orderinfo.html","checksum":"35e039dc1741d56a85301b66daaef077"},{"path":"\/template\/web\/pay.html","checksum":"0b4bf8955ff412ed91d5a90d311dcc5e"},{"path":"\/template\/web\/peisongset.html","checksum":"e5e3372c4fffde889e6ffba0fb4b20d5"},{"path":"\/template\/web\/peiz.html","checksum":"ce407ab279fe708396d6ded192db2cb6"},{"path":"\/template\/web\/powers.html","checksum":"1714f7e1fe59f10d2dcadb9d931630c6"},{"path":"\/template\/web\/print.html","checksum":"c19507f350db8cfa06621de5ba326602"},{"path":"\/template\/web\/receivelist.html","checksum":"ffb1139b0ef599f748c165b9a68dd08a"},{"path":"\/template\/web\/rrset.html","checksum":"56a84dc83b8c643f27f915501b0f0c06"},{"path":"\/template\/web\/ruzhu.html","checksum":"34c052b5d4f64833767603b050db2f35"},{"path":"\/template\/web\/ruzhuinfo.html","checksum":"dcc1f4c6549e8a15185b4406f8984850"},{"path":"\/template\/web\/ruzhusz.html","checksum":"5f0b8c01cc36f90851d49bb385aa4bc3"},{"path":"\/template\/web\/ruzhuxy.html","checksum":"8cd1b1495ea3ff0adf56a9e7977ac263"},{"path":"\/template\/web\/selleranaly.html","checksum":"bbcb3e71cbf7f58ddd8fa04c45708496"},{"path":"\/template\/web\/settings.html","checksum":"8cd1d460cca50fcfe26b55dcbbcd4a96"},{"path":"\/template\/web\/spec.html","checksum":"78e7e1794b23ab83649180468ba82815"},{"path":"\/template\/web\/statistics.html","checksum":"1118959b3e5dac90032a692f7f731e2e"},{"path":"\/template\/web\/store.html","checksum":"dfd35a14b3579d020502de696700c14b"},{"path":"\/template\/web\/storead.html","checksum":"58a85970eb32538b31acc62470c5d73d"},{"path":"\/template\/web\/storeinfo.html","checksum":"089ca7693ab26983bd4a026386bde1a7"},{"path":"\/template\/web\/storetype.html","checksum":"fb925969ab39fa2f43472ff86d7ffe88"},{"path":"\/template\/web\/table2.html","checksum":"1c8a76079d49fe3cc2c2c4e021de4df4"},{"path":"\/template\/web\/tabletype2.html","checksum":"f6dad7cfb1a5d9daa2ba24815874b382"},{"path":"\/template\/web\/template.html","checksum":"011eff86e9ed7cf492d1806854895ef5"},{"path":"\/template\/web\/test2.html","checksum":"495e9ccf88b053559627284a0747251c"},{"path":"\/template\/web\/txlist.html","checksum":"8e7c07ee7c27fe7b0c64d10f3dfc9249"},{"path":"\/template\/web\/txsz.html","checksum":"b4b9c9f8b29780465bfce07c42c16707"},{"path":"\/template\/web\/typeset.html","checksum":"91d550cf8a8aebf439f64b02f576a51e"},{"path":"\/template\/web\/user.html","checksum":"dd8f18413b36f2d5cc633df72403db99"},{"path":"\/template\/web\/uuset.html","checksum":"c60e543f7f17c6db1bf9282aed75048b"},{"path":"\/template\/web\/voucher.html","checksum":"e14953723e51bb33aeeaa00c01564d32"},{"path":"\/template\/web\/wxapplist.html","checksum":"9d82558a8d95db330ae180700c018e8c"},{"path":"\/template\/web\/ydorder.html","checksum":"ae88c0cff7232d754e2efba341c970b8"},{"path":"\/template\/web\/ydorderinfo.html","checksum":"696e5ac7bd54cdf48a15d5b6d73abdbd"},{"path":"\/template\/web\/yg17.html","checksum":"90eaabe9f2d1f80df713a61ba3bbd606"},{"path":"\/template\/web\/ygdata.html","checksum":"e0b31e1d9ac9ed8b525019231846ad0b"},{"path":"\/template\/web\/ygprint2.html","checksum":"6f952887dfc48bacd44f6e0630363265"},{"path":"\/template\/web\/ygquan.html","checksum":"15b589cfa34bd0db9e6277879b445b2c"},{"path":"\/template\/web\/ygranking.html","checksum":"c217e9f2918e257742b6c73be192bf34"},{"path":"\/template\/web\/yingyetime.html","checksum":"65748d6f58531c5a5d386924bd57ca0e"},{"path":"\/template\/web\/yypay.html","checksum":"a689db7134dbeb6356854b3e31f5e254"},{"path":"\/test.php","checksum":"579c9462308d674c43bb8f3f04424217"},{"path":"\/tu.jpg","checksum":"f9433b585103a7838a9a96430c8381bc"},{"path":"\/up.php","checksum":"b56de97cba38fea0a95913ad23eff55c"},{"path":"\/uupt\/admin\/common\/bootstrap.sys.inc.php","checksum":"b09d1fb2358b2a828253b8e167fb85cb"},{"path":"\/uupt\/admin\/common\/common.func.php","checksum":"19c919eda9cf1827333b197d433c835d"},{"path":"\/uupt\/admin\/common\/template.func.php","checksum":"a0694978a988a6fff0ff69320ca98933"},{"path":"\/uupt\/admin\/index.php","checksum":"9d48613766f3f344c215667af68d83f8"},{"path":"\/uupt\/admin\/resource\/images\/nopic.jpg","checksum":"b6a1df65ad513a0b071a80cbd22154cc"},{"path":"\/uupt\/admin\/source\/site\/entry.ctrl.php","checksum":"b817a336e721687d1973c1a9c7511394"},{"path":"\/uupt\/admin\/source\/user\/login.ctrl.php","checksum":"99d2ce1d68e99e98c413a842c0be49e6"},{"path":"\/uupt\/admin\/source\/user\/login2.ctrl.php","checksum":"4662d2a7a1d869aaca5eb7665deb6382"},{"path":"\/uupt\/admin\/source\/user\/logout.ctrl.php","checksum":"9680737dcac2307285acba195be7d18d"},{"path":"\/uupt\/admin\/source\/utility\/__init.php","checksum":"221f9122c03c4212bed97e8e004202db"},{"path":"\/uupt\/admin\/source\/utility\/file.ctrl.php","checksum":"6f835bf0d85fd3e9533c2794b5814ed2"},{"path":"\/uupt\/admin\/themes\/default\/common\/footer-base.html","checksum":"321ce2705a34828f9b5d993c100e8b2b"},{"path":"\/uupt\/admin\/themes\/default\/common\/footer-cms.html","checksum":"62fa97e9bc35149414a517b614731d7d"},{"path":"\/uupt\/admin\/themes\/default\/common\/footer-gw.html","checksum":"7be96e41f312738c4ade0d7037a159eb"},{"path":"\/uupt\/admin\/themes\/default\/common\/footer.html","checksum":"acc3889ecf78a1f4923605214473fa49"},{"path":"\/uupt\/admin\/themes\/default\/common\/header-base.html","checksum":"d33ef243d2715191dd23e7800bc8969d"},{"path":"\/uupt\/admin\/themes\/default\/common\/header-cms.html","checksum":"084360f74c19aea0b78627144fe9a875"},{"path":"\/uupt\/admin\/themes\/default\/common\/header-gw.html","checksum":"16532479b98b7fcf063772eec3e45635"},{"path":"\/uupt\/admin\/themes\/default\/common\/header.html","checksum":"d10a741653c3d9ef8b362929542181bd"},{"path":"\/uupt\/admin\/themes\/default\/common\/message.html","checksum":"0bdc44ca6eb4f30694e0dacac846ea94"},{"path":"\/uupt\/admin\/themes\/default\/user\/login.html","checksum":"0e92ca78c736bede0dc04cdf5ff5c115"},{"path":"\/uupt\/admin\/themes\/default\/user\/login2.html","checksum":"5b291d9d66b99a8cbe2b667d6ccbf74c"},{"path":"\/uupt\/common\/defines.php","checksum":"7e8b5b8c2e91ec3738d78baa6c9c8905"},{"path":"\/uupt\/common\/functions.php","checksum":"ba52ba351ee52c8d730d71dcabf84333"},{"path":"\/uupt\/common\/print.class.php","checksum":"ab724d6a7c35b3ad27ab828f8198d88a"},{"path":"\/uupt\/common\/template.func.php","checksum":"a7ca63bd10f28a739320061f83fceb87"},{"path":"\/uupt\/upt.php","checksum":"cb35a3d165d45ef2ff208409c8696025"},{"path":"\/wxapp.php","checksum":"3406ce003b84c97d172a69116c9f9f7b"},{"path":"\/wxpay.php","checksum":"e0b65ff8963b44f04834e11e8ffc9b11"}]